29999,No-Churn Watermelon Ice Cream Slices,"['One 4- to 5-pound mini seedless watermelon', 'One 14-ounce can sweetened condensed milk', 'Pinch fine salt', '2 cups heavy cream, chilled']","{'Step 1': 'Cut a thin slice off the top of the watermelon, just enough to show the pink of the inside flesh. Stand the watermelon upright vertically in a large bowl. Place an immersion blender into the cut part at the top of the watermelon and puree the flesh, moving the blender in and around, following the shape of the inside of the watermelon. Be careful not to cut through the sides or bottom of the watermelon rind.', 'Step 2': 'Pour out the juice and reserve 1 1/2 cups for the ice cream; save the rest for another use. Using a spoon, scoop out any remaining red watermelon flesh so you have a smooth white interior (this is important so the melon freezes properly). Make sure there is no juice remaining inside and pat dry with a paper towel.', 'Step 3': 'Freeze the watermelon while you make the ice cream.', 'Step 4': 'Whisk together the condensed milk, salt and reserved watermelon juice in a large bowl and set aside.', 'Step 5': 'Whip the heavy cream in a large bowl with an electric mixer on medium-high speed until firm peaks form, about 2 minutes. Fold about one-half of the whipped cream into the condensed milk mixture with a rubber spatula until combined, then fold the lightened mixture into the remaining whipped cream until well blended. Pour the mixture into the frozen watermelon, filling it all the way to the top. Cover with plastic wrap and freeze until solid, 3 hours and up to overnight.', 'Step 6': ""If frozen overnight, let the watermelon thaw for about 2 hours in the refrigerator before serving. Place the watermelon cut-side down on a cutting board and halve lengthwise with a long chef's knife. Cut each half lengthwise into 3 wedges.""}"
30000,No-Cook Beet-Orange Salad,[],"{'Step 1': 'Whisk 2 tablespoons orange juice, 2 teaspoons sherry vinegar and 1 teaspoon dijon mustard in a bowl; whisk in 2 tablespoons olive oil and season with salt and pepper. Thinly slice 1 1/2 pounds peeled chioggia or golden beets. Toss with the vinaigrette, segments from 2 oranges, 2 cups fresh parsley and 1/2 cup torn mint. Top with chopped marcona almonds and crumbled goat cheese.', 'Step 2': ""TIP:  Slice the beets on a mandoline for this no-cook salad-it'll come together in minutes!"", 'Step 3': 'How to Peel and Juice a Beet'}"
30001,No-Cream Alfredo Sauce,"['Kosher salt', '12 tablespoons (1 1/2 sticks) unsalted butter, cut into small cubes\xa0', '6 ounces Parmesan, freshly grated (about 2 cups)\xa0', '1 pound dried fettuccine\xa0\xa0', 'Freshly ground black pepper\xa0']","{'Step 1': 'Bring a large pot of salted water to boil. Put the butter and cheese in a large bowl and set aside.', 'Step 2': 'Add the fettuccine to the boiling water and cook, stirring occasionally, according to the package instructions for al dente. Reserve 1 cup of the pasta water, then drain the pasta and add it to the large bowl. Using tongs, gently toss the pasta with the butter and cheese, adding pasta water as necessary to create a creamy looking sauce. Top with a few grinds of pepper.'}"
30002,No-Fry Sheet-Pan Eggplant Parmesan,"['4 tablespoons olive oil', '2 large cloves garlic, thinly sliced', 'One 28-ounce can crushed tomatoes', '1/4 teaspoon crushed red pepper flakes', 'Kosher salt', '1/3 cup fresh basil leaves, chopped, plus more torn leaves for serving', '1 medium-large eggplant (about 1 1/2 pounds), sliced into 1/2-inch-thick rounds', '1/3 cup all-purpose flour', '2 eggs, beaten', '3/4 cup Italian-style breadcrumbs', '1 pound fresh mozzarella, thinly sliced', '1/4 cup grated Parmesan']","{'Step 1': 'Preheat the oven to 450 degrees F.', 'Step 2': 'Put 2 tablespoons olive oil and the garlic in a large skillet and place over medium heat. When the garlic sizzles and its edges start to brown, add the tomatoes, red pepper flakes and 3/4 teaspoon salt. Bring to a simmer and continue to cook, stirring occasionally, until the sauce thickens, about 8 minutes. Remove from heat and stir in the chopped basil.', 'Step 3': 'Heat an 18-by-13-inch sheet pan in the oven for at least 10 minutes while you bread the eggplant. Line up 3 shallow dishes; fill one with the flour, one with the beaten eggs, and one with the breadcrumbs. Sprinkle both sides of the eggplant slices with salt. Dredge an eggplant slice in the flour (tapping off excess), then dip in the egg, and finally dredge it in the breadcrumbs. Repeat with the remaining eggplant.', 'Step 4': 'When all the eggplant slices are breaded, carefully remove the heated sheet pan from the oven and brush it with 2 tablespoons olive oil. Place the eggplant on the sheet pan in a single layer. Bake until the undersides are crisp and browned, 8 to 10 minutes, then flip the slices and continue baking until they are golden on the second side, 8 to 10 minutes more.', 'Step 5': 'Top the baked eggplant with the tomato sauce, mozzarella and Parmesan. Return the pan to the oven and bake, rotating halfway through, until the cheese melts and browns and the sauce is bubbly, 20 to 25 minutes. Top with torn basil before serving.'}"
30003,No-Fuss Pizza Dough,"['1 cup tepid water', '3 tablespoons extra-virgin olive oil, plus more for oiling the bowl', '2 teaspoons sugar', '1 1/2 teaspoons kosher salt', '3 cups all-purpose flour, plus more for kneading', '2 1/2 teaspoons active dry yeast (1 package)']","{'Step 1': 'Stir together the water, oil, sugar and salt in a liquid measuring cup until the sugar dissolves. Whisk the flour and yeast in a large bowl, make a well in the center, and add the liquid mixture. With a wooden spoon or your hand, gradually stir the flour into the liquid to make a rough dough. Pull the dough together into a ball. Turn onto a work surface dusted with flour. Knead until the dough is smooth and elastic, about 10 minutes, using a little flour if necessary to keep it from sticking.', 'Step 2': 'Shape the dough into a ball. Put it in a large, lightly oiled bowl and turn it to coat with the oil. Cover the bowl with plastic wrap and let rise until double in size, about 1 hour. Punch the dough down, knead briefly, shape it into a ball, cover, and let rise until soft and puffy, about 45 minutes more.'}"
30004,No-Groni,"['1/2 cup sugar', '1/2 cup water', '2 wide strips orange zest', '1 teaspoon juniper berries', '1 teaspoon whole black peppercorns', '1 teaspoon coriander seeds', '1 small sprig rosemary', '2 ounces distilled nonalcoholic spirits (such as Seedlip Grove 42)', '2 ounces bitter red Italian soda (such as Sanbittèr)', '1 ounce tonic water', '1 ounce dry nonalcoholic red wine', 'A few dashes of Peychaud’s bitters (optional)', 'Orange peel, for garnish']","{'Step 1': 'Make the spiced syrup: Combine the sugar, water, orange zest, juniper berries, peppercorns, coriander seeds and rosemary in a small saucepan. Bring to a simmer over medium heat, stirring to dissolve the sugar. Transfer to a container and refrigerate until cool, about 30 minutes. Strain the syrup.', 'Step 2': 'Make the drink: Combine the spirits, soda, tonic water, wine and bitters in a liquid measuring cup. Add 1 ounce of the spiced syrup; stir well.', 'Step 3': 'Pour the drink into a rocks glass filled with ice. Garnish with orange peel.'}"
30005,No-Knead Peasant Bread,"['2 1/2 cups unbleached bread flour', '1/2 cup whole-wheat flour', '1/2 teaspoon active dry yeast', '1 1/2 teaspoons salt', 'All-purpose flour, for dusting']","{'Step 1': 'Combine the bread flour, whole-wheat flour, yeast and salt in a large bowl. Add 1 1/2 cups lukewarm water (about 100 degrees F) and mix with your hands or a spoon until the dough comes together (it will be wet and sticky). Cover the dough tightly with plastic wrap. If you have extra time, refrigerate 12 to 24 hours; this is not necessary but will improve the flavor of the bread.', 'Step 2': 'Let the dough rise, covered, at room temperature for about 18 hours; this rise is necessary whether you refrigerate the dough first or not. The surface will be bubbly after rising.', 'Step 3': 'Generously dust a work surface with all-purpose flour. Turn the dough out onto the flour, then sprinkle flour on top. Fold the top and bottom of the dough into the center, then fold in the sides to make a free-form square. Use a dough scraper or a spatula to turn the dough over, then tuck the corners under to form a ball.', 'Step 4': 'Line a baking sheet with parchment paper and generously dust with flour. Transfer the dough to the baking sheet, seam-side down, and sprinkle with more flour. Cover with a cotton kitchen towel (do not use terry cloth) and let rise at room temperature until doubled in size, 2 to 3 hours.', 'Step 5': 'Position a rack in the bottom of the oven and place a 2- or 4-quart cast-iron or enameled Dutch oven (without the lid) on the rack. Preheat the oven to 450 degrees F for at least 30 minutes. When the dough has doubled, carefully transfer the hot pot to a heatproof surface. Uncover the dough, lift up the parchment and quickly invert the dough into the pot (shake the pot to center the dough, if necessary). Cover with the lid and bake 30 minutes, then uncover and bake until brown and crusty, 15 to 30 more minutes. Turn out onto a rack to cool.'}"
30006,No-Peek Tomato Chicken,"['Nonstick cooking spray, for the baking dish', '1 1/2 cups long-grain white rice\xa0', '1 teaspoon dried basil\xa0', '1 teaspoon garlic powder\xa0', 'Kosher salt and freshly ground black pepper\xa0', 'Two 14.5-ounce cans diced tomatoes (not drained)\xa0', '1 1/2 cups creamy tomato soup (canned or boxed)\xa0', '4 boneless, skinless chicken breasts (about 6 ounces each)\xa0', 'One 1-ounce package onion soup mix\xa0']","{'Step 1': 'Preheat the oven to 350 degrees F. Spray a 9-by-13-inch baking dish with nonstick spray.', 'Step 2': ""Combine the rice, dried basil, garlic powder, 1/2 teaspoon salt (see Cook's Note) and a few grinds pepper in the baking dish. Add the diced tomatoes and tomato soup and stir to evenly disperse."", 'Step 3': 'Place the chicken breasts on top of the rice mixture side-by-side in a single layer. Sprinkle the chicken breasts with 1/2 teaspoon salt and a few grinds of pepper. Sprinkle the onion soup mixture over the top of the entire dish, concentrating a little more heavily on the chicken (the onions will brown more evenly there and flavor the chicken).', 'Step 4': 'Cover the baking dish tightly with aluminum foil and bake until the chicken and rice are cooked through, about 1 hour and 25 minutes. Let sit, still covered, for 15 minutes to allow the rice to absorb any remaining liquid. Uncover and serve.'}"
30007,No-Roll Cinnamon Rolls,"['1 pound fresh pizza dough', 'All-purpose flour, for rolling\xa0', 'Nonstick cooking spray, for the pan\xa0', '1/2 cup packed light brown sugar\xa0', '2 teaspoons ground cinnamon\xa0', '6 tablespoons unsalted butter, at room temperature\xa0', '1/2 cup confectioners’ sugar\xa0', '1 to 2 tablespoons whole milk\xa0', '1/4 teaspoon pure vanilla extract']","{'Step 1': 'Allow the dough to rest at room temperature for 30 minutes on a floured surface.', 'Step 2': 'Preheat the oven to 350 degrees F. Spray an 8 1/2-by-4 1/2-inch loaf pan with nonstick cooking spray.', 'Step 3': 'Combine the brown sugar and cinnamon in a small bowl. Set aside.', 'Step 4': 'Roll out the dough to an 8-by-14-inch rectangle. Spread the butter over the dough. Sprinkle the brown sugar mixture over the butter and pat down lightly. With a long side facing you, make 3 vertical cuts in the dough, creating 4 equal strips, each 8 inches long and 3 1/2 inches wide. Place one strip of dough into the prepared loaf pan, sugar-side up. Repeat with the remaining strips of dough, stacking them.', 'Step 5': 'Bake until golden brown and puffed, 28 to 30 minutes. Allow to cool for 5 minutes. Invert the pan onto a serving platter and set aside until just cool enough to slice.', 'Step 6': 'To make the glaze, sift the confectioners’ sugar into a medium bowl. Whisk in the milk and vanilla to make a smooth glaze.', 'Step 7': 'Slice the cinnamon roll loaf into pieces and drizzle with the glaze.'}"
30008,No-Worry Poached Eggs,"['2 tablespoons distilled white vinegar', 'Large eggs']","{'Step 1': 'Put the vinegar in a small or medium saucepan (depending on how many eggs you are making). Gently crack the eggs into the vinegar. Holding the saucepan handle, rock or swirl the pot gently so the vinegar redistributes between the eggs. This will help start the coagulation of the whites.', 'Step 2': 'Bring a teakettle filled with water to a boil and then gently pour the water down the inside side of the pan until you have enough water to covering the eggs by about 2 inches.', 'Step 3': 'Cover and set a timer for 5 minutes. This will help set the eggs. Uncover, turn the heat on high and quickly bring to a boil. As soon as the water is boiling, turn off the heat. Push any foam that has risen to the top to the side and immediately remove the eggs with a slotted spoon. The whites will be set but the yolk will still be runny. For harder cooked eggs, boil for another 1 to 2 minutes.'}"
30009,No-Yeast Dinner Rolls,"['1 1/2 sticks (12 tablespoons) unsalted butter, melted and cooled, plus more for the baking dish', ""4 cups all-purpose flour (see Cook's Note)\xa0"", '5 teaspoons baking powder\xa0', '2 teaspoons sugar\xa0', '2 teaspoons kosher salt\xa0', '1 1/2 cups milk, at room temperature\xa0']","{'Step 1': 'Preheat the oven to 375 degrees F. Coat the bottom of a 9-by-13-inch baking dish with butter.', 'Step 2': 'Whisk together the flour, baking powder, sugar and salt in a large bowl. Whisk together the milk and 1/2 cup of the butter in a medium bowl. Pour the wet ingredients into the dry and combine with a wooden spoon; do not overwork the dough. It should be wet.', 'Step 3': 'Divide the dough into 12 pieces and shape each into a ball. Arrange the dough balls in the prepared baking dish. Pour the remaining 1/4 cup butter all over the dough and bake until golden brown, 35 to 40 minutes.'}"
30010,No-Yeast Pizza Dough,"['1 1/3 cups all-purpose flour, plus more for dusting', '1 tablespoon coarse cornmeal\xa0', '1 3/4 teaspoons baking powder\xa0', '1/2 teaspoon granulated sugar\xa0', '1/2 teaspoon kosher salt\xa0', '1/4 teaspoon baking soda\xa0', '2 tablespoons olive oil\xa0', 'Assorted pizza toppings such as sauce, shredded cheese, meat and vegetables, as desired\xa0']","{'Step 1': 'Position an oven rack about 8 inches from the broiler element and preheat the broiler.', 'Step 2': 'Combine the flour, cornmeal, baking powder, sugar, salt and baking soda in a food processor and pulse to combine. With the motor running, add 1/2 cup water and process, scraping down the sides as needed, until the flour is incorporated and the dough comes together to form a ball that is still slightly sticky.', 'Step 3': 'Lightly flour a work surface and your hands. Form the dough into a neat ball between your hands and put on the work surface. Sprinkle with flour and roll into a 10-inch circle.', 'Step 4': 'Spread the olive oil in a 12-inch cast-iron skillet to cover the bottom. Put the dough in the skillet and flip so both sides are coated in oil. Top with the desired toppings.', 'Step 5': 'Put the skillet over high heat and cook for 5 minutes, then transfer to the boiler and cook until the cheese is melted and golden, about 4 minutes.'}"
30011,No-Yeast Whole Wheat Za'atar Bread,"[""2 1/2 cups whole wheat flour, plus more for dusting (see Cook's Note)"", ""1 cup bread flour (see Cook's Note)"", '2 tablespoons sugar', ""1 tablespoon za'atar, plus more for topping"", '2 teaspoons finely grated lemon zest (from 1 lemon)', '1 1/2 teaspoons kosher salt', '1 teaspoon baking soda', '1/4 teaspoon baking powder', '1 1/2 cups buttermilk, plus more for brushing', '5 tablespoons unsalted butter, melted and cooled slightly', '1 large egg', '2 teaspoons white sesame seeds']","{'Step 1': 'Preheat an oven to 375 degrees F. Line a 9-inch round cake pan with a large sheet of parchment, pressing it into the edges of the pan and leaving an overhang on 2 sides (the extra parchment will help you unmold the loaf later).', 'Step 2': ""Whisk the whole wheat flour, bread flour, sugar, za'atar, lemon zest, salt, baking soda and baking powder together in a large bowl. Whisk the buttermilk, melted butter and egg together in a separate bowl or liquid measuring cup until combined. Make a well in the center of the dry ingredients and pour the buttermilk mixture into the center. Use a wooden spoon or rubber spatula to stir the mixture until it starts to come together in a shaggy mass."", 'Step 3': 'Lightly dust a work surface with flour. Turn the dough mixture out onto the floured surface and knead a few times to bring it together. Shape it into a domed disk that’s about 7-inches in diameter. Place the dough into the prepared pan and cut a cross about 1/2 inch deep into the center of the dough using a sharp knife. Brush the top and sides with more buttermilk, then sprinkle with a few good pinches of za’atar and the sesame seeds.', 'Step 4': 'Bake until the top is puffed and lightly browned and a toothpick inserted in the center comes out clean, about 1 hour. Remove from the oven and use the parchment overhang to lift the bread from the pan. Place on a wire rack to cool completely.'}"
30012,Nominee Nachos,[],"{'Step 1': 'Saute chopped mushrooms in butter and olive oil. Add minced shallots and a drizzle of truffle oil; season with salt and pepper. Spoon onto white tortilla chips; top with a slice of taleggio cheese and a dollop of ricotta. Bake at 375 degrees until the cheese melts, about 5 minutes.'}"
30013,Non-Alcoholic Margarita,"['2/3 cup fresh lime juice', '1/3 cup fresh orange juice\xa0', '1/3 cup light agave syrup\xa0', 'Kosher salt\xa0', '1 cup ice cubes\xa0', '1 cup chilled lime seltzer\xa0']","{'Step 1': 'Combine the lime juice, orange juice and agave in a spouted measuring cup. Pour into a 12-compartment ice cube tray and freeze until solid, at least 4 hours and up to overnight.', 'Step 2': 'Pour the salt into a small dish. Dip the rims of 2 glasses in water, then dip the rims in the salt to coat.', 'Step 3': 'Combine the ice cubes, seltzer and frozen juice cubes in a blender and blend on high until smooth and pourable. Pour into the prepared glasses and serve immediately.'}"
30014,Non-Cereal Crispy Treats,"['Nonstick cooking spray, for greasing the pan', '4 tablespoons unsalted butter, chopped', 'One 10-ounce bag standard marshmallows', 'Two 10.3-ounce containers salted mixed nuts', 'One 7.3-ounce bag kettle corn', 'One 14.3-ounce package chocolate sandwich cookies, such as Oreos, crushed', '2 cups cinnamon teddy bear cookies, plus 2 cups chocolate teddy bear cookies, plus 2 cups honey teddy bear cookies, such as Teddy Grahams, plus 2 cups animal crackers', '4 cups potato chips plus 4 cups mini pretzel twists', '8 cups fish-shape cheese crackers, such as Flavor Blasted Goldfish']","{'Step 1': 'Spray an 8-by-8-inch baking dish with cooking spray and line with parchment paper, leaving a 2-inch hangover on at least two sides.', 'Step 2': 'Melt the butter in a large saucepan over medium-low heat. Add the marshmallows and stir continuously until melted, about 5 minutes. Remove from the heat and stir in the mix-ins of your choice until coated.', 'Step 3': 'Press the mixture into the prepared baking dish and let cool completely at room temperature, about 1 hour.', 'Step 4': 'Use the parchment overhang to lift the treats from the dish. Cut into sixteen 2-inch square bars.'}"
30015,Nonalcoholic Eggnog,"['3 large eggs plus 2 large egg yolks', '3/4 cup sugar', 'Kosher salt', '3 1/2 cups whole milk', '1 1/2 cups heavy cream', '1 teaspoon pure vanilla extract', '1/4 teaspoon freshly ground nutmeg, plus more for sprinkling', 'Finely grated lemon zest, for serving, optional']","{'Step 1': 'Whisk together the eggs, egg yolks, sugar and a pinch of salt in a medium bowl.', 'Step 2': 'Heat the milk and 3/4 cup of the cream in a medium saucepan over medium heat until the liquid starts to steam; remove from the heat.', 'Step 3': 'Whisk about 1 cup of the hot milk mixture into the egg mixture, then pour the milk-egg mixture back into the saucepan. Return the saucepan to medium heat, and cook, stirring constantly with a wooden spoon, until the mixture is thick enough to coat the back of the spoon and a thermometer reads 165 degrees F, about 5 minutes.', 'Step 4': 'Remove the saucepan from the heat, and stir in the vanilla and nutmeg. Strain the liquid through a fine mesh strainer into a medium bowl, and let it cool at room temperature until it is no longer hot, about 1 hour. Refrigerate until cold, about 2 hours up to 3 days.', 'Step 5': 'When ready to serve, whip the remaining 3/4 cup cream with an electric mixer in a large bowl to medium peaks. Then, while whisking, slowly pour in the cold milk-egg mixture. The eggnog should be creamy and thicker than heavy cream. Serve with a light sprinkle of nutmeg and lemon zest if using.'}"
30016,Nonalcoholic Mojito,"['1/2 cup loosely packed fresh mint leaves plus 2 sprigs, for serving', '3 limes, 1 quartered, 2 juiced (about 1/4 cup)', '3 ounces nonalcoholic rum, such as Lyre’s White Cane Spirit, optional', '2 tablespoons light agave syrup', '2 cups ice', '1/2 cup seltzer or club soda']","{'Step 1': 'Add the mint leaves and lime quarters to a cocktail shaker and muddle with a muddler or the handle of a wooden spoon until the mint has released its oils, about 20 seconds. Add the lime juice, nonalcoholic rum, if using, agave and ice and shake vigorously until the strainer starts to develop a frost on the outside, about 30 seconds. Divide the contents equally between 2 large rocks or high ball glasses. Fill the glasses with seltzer and serve with a fresh sprig of mint.'}"
30017,Nonalcoholic Piña Colada,"['1/2 cup coconut milk\u202f', '1/4 cup cream of coconut, such as Coco Lopez', '3 tablespoons light agave syrup', '1 cup fresh or frozen pineapple chunks plus 2 pineapple wedges, for garnish', 'Juice of 1/2 lime (about 1 tablespoon)', '1 1/2 cups ice\u202f', '3 ounces nonalcoholic rum, such as Lyre’s White Cane Spirit, optional']","{'Step 1': 'Add the coconut milk, cream of coconut and agave to a blender and blend until well combined, about 20 seconds. Add the pineapple chunks and lime juice and blend until smooth, another 30 to 45 seconds, then add the ice and nonalcoholic rum, if using, and blend until smooth and creamy. Divide between 2 tall or daiquiri glasses and garnish each with a pineapple wedge. (I used frozen chunks but use fresh ones if you have them.)'}"
30018,Nonalcoholic Strawberry Daiquiri,"['2 cups fresh strawberries or one 10-ounce bag frozen strawberries, plus 1 strawberry, halved, for serving', '1 cup ice', '3/4 cup citrus soda, such as Fresca, Sprite or San Pellegrino', '3 ounces nonalcoholic rum, such as Lyre’s White Cane Spirit, optional\u202f', '5 tablespoons light agave syrup', '1/4 cup lime juice']","{'Step 1': 'Add the strawberries, ice, citrus soda, nonalcoholic rum, if using, agave and lime juice to a blender and blend until smooth. Serve in 2 tall glasses or daiquiri glasses garnished with a strawberry half on each rim.'}"
30019,Nonpareil Flowers,"['Melted dark chocolate or brown piping gel', '1 frosted cupcake (about 2 tablespoons frosting works best)', '6 small black and white nonpareils', '1 green chewy fish-shaped candy or domed green jelly candy']","{'Step 1': 'Pipe 3 thin lines of chocolate across the cupcake with stem ends touching. Arrange the nonpareils on the stems. Cut the fish into 2 leaves, and arrange at the base of the stems.'}"
30020,Noodle Kugel,"['1 stick unsalted butter, plus more for the dish', '1 large onion, chopped', '1 tablespoon plus 1/4 teaspoon sugar', 'Kosher salt', '12 ounces wide egg noodles', 'Freshly ground pepper', '3 large eggs', '2 cups small-curd cottage cheese', '2 cups sour cream', '2 cups whole milk', 'Pinch of ground cinnamon', '1/2 teaspoon grated orange zest', '3 cups cornflakes, coarsely crushed']","{'Step 1': 'Preheat the oven to 350 degrees F. Butter a 3-quart baking dish. Melt 6 tablespoons butter in a large skillet over medium heat. Add the onion and 1/4 teaspoon sugar and cook until soft and golden brown, 8 to 10 minutes. Transfer to a large bowl, reserving the skillet.', 'Step 2': 'Meanwhile, bring a large pot of salted water to a boil; add the noodles and cook until al dente, about 6 minutes. Drain the noodles and add to the bowl with the onion mixture; season with salt and pepper.', 'Step 3': 'Pulse the eggs, cottage cheese, sour cream, milk, cinnamon, orange zest, the remaining 1 tablespoon sugar and 1 teaspoon salt in a food processor until smooth. Add to the noodles and toss, then transfer the mixture to the prepared dish. Melt the remaining 2 tablespoons butter in the skillet over medium heat, add the cornflakes and toss. Sprinkle over the pasta and bake until just set, 35 to 40 minutes. Let rest 10 minutes before serving.'}"
30021,Noodles with Spicy Tomato Sauce,[],"{'Step 1': 'Toast 8 ounces fideo or broken spaghetti in a skillet with olive oil over low heat, 4 minutes. Stir in 1 cup chopped scallions and 2 teaspoons ground cumin. Add 1 1/2 cups chicken broth and one 14-ounce can diced tomatoes with chiles. Simmer, stirring, until the noodles are tender, 12 minutes. Season with salt. Top with chopped cilantro and crumbled Cotija cheese.'}"
30022,Noodles with Tofu,"['1/3 cup seasoned rice vinegar', '2 tablespoons low-sodium soy sauce', 'Kosher salt', '1 red jalapeno pepper, halved and thinly sliced 1 tablespoon vegetable oil', '1 14-ounce package firm tofu, drained, cut into 4 equal pieces and patted dry\xa0', '8 ounces sliced shiitake mushrooms (about 4 cups)', 'Freshly ground pepper', '1 10- to 12-ounce package Chinese egg noodles', '1 bunch broccolini, trimmed and cut into 2-inch pieces', '1 tablespoon toasted sesame oil', '2 cups bean sprouts', '2 scallions, thinly sliced']","{'Step 1': 'Whisk the vinegar, 1 tablespoon water, 1/2 tablespoon soy sauce and 1/2 teaspoon salt in a small bowl. Add the jalapeno; set aside.', 'Step 2': 'Heat the vegetable oil in a medium nonstick skillet over medium-high heat. Add the tofu and cook until golden brown, 3 to 4 minutes per side; transfer to a cutting board. Add the mushrooms to the skillet and cook, stirring, until slightly wilted, about 1 minute. Add the remaining 1 1/2 tablespoons soy sauce, 1 tablespoon water and a few grinds of pepper to the skillet. Cook until the mushrooms soften, about 2 minutes. Quarter each piece of tofu and transfer to a bowl; add the mushrooms and 2 tablespoons of the vinegar mixture and toss. Set aside.', 'Step 3': 'Meanwhile, bring a large pot of salted water to a boil. Add the noodles and cook as the label directs, adding the broccolini during the last 2 minutes of cooking. Drain and rinse under cold water; transfer to a large bowl. Add the sesame oil; toss to coat.', 'Step 4': 'Divide the noodles and broccolini among bowls. Top with the tofu, mushrooms and sprouts and drizzle with the remaining jalapeno-vinegar mixture. Sprinkle with the scallions.'}"
30023,Nordic Breakfast Porridge,"['2 1/2 cups whole milk', '1 cup barley flakes', '2 tablespoons light brown sugar', '1 tablespoon unsalted butter', 'Kosher salt', '1 pint raspberries', '1 tablespoon light brown sugar', '1/2 Granny Smith apple, cut into matchsticks', '2 tablespoons roasted pistachios, chopped', '4 teaspoons chia seeds, covered in 1 tablespoon water', '1/4 cup whole milk', 'Ground cinnamon, for sprinkling']","{'Step 1': 'For the barley porridge: Gently bring the milk and barley flakes to a boil over medium heat in a medium saucepan. Reduce the heat to a simmer, then cover and cook until the milk is almost absorbed and the barley is super soft and still a bit creamy, about 15 minutes. Stir in the sugar, butter and 1/2 teaspoon salt.', 'Step 2': 'For the toppings: Meanwhile, roughly smash the raspberries with the sugar in a small bowl with a fork.', 'Step 3': 'Divide the porridge among 4 bowls. Working around the edges of the bowls, make neat piles of the toppings, placing a quarter of the crushed raspberries, apple sticks, pistachios and chia seeds in each bowl. Drizzle each with 1 tablespoon milk and sprinkle with some cinnamon to finish.'}"
30024,Nordic Shrimp Toast,"['1 teaspoon whole coriander seed, toasted', '1/4 cup fresh dill fronds plus 2 sprigs', '1 lemon, zested and halved', 'Kosher salt and freshly ground black pepper', '8 ounces small shrimp, peeled, deveined and tails removed', '1/2 cup cream cheese, at room temperature', '1/2 cup 2 percent Greek yogurt', '4 slices pumpernickel bread, toasted', '1 Persian cucumber, very thinly sliced into half moons', '3 radishes, very thinly sliced into half moons']","{'Step 1': 'Bring a medium saucepan of water to a boil. Add the coriander, 2 dill sprigs, half of the lemon zest and 1 teaspoon each salt and pepper. Let boil for 1 minute, remove the saucepan from the heat, add the shrimp and cover the pot. Let the shrimp sit, covered, until cooked through, about 2 minutes. Drain the shrimp and chill in ice water. Once chilled, remove and blot dry. Refrigerate until ready to use.', 'Step 2': 'Chop 2 tablespoons dill fronds and add it to a small bowl along with the juice of half the lemon and the remaining zest. Add the cream cheese and yogurt to the bowl and stir to combine. Spread each slice of toast with the cream cheese mixture.', 'Step 3': 'Lay as many shrimp as will fit flat between 2 plastic deli container lids; the tops of the lids should be facing each other. Making a fist, press down on the top lid to keep the shrimp in place. Position a sharp knife between the narrow opening of the lids and use a sawing motion to slice the shrimp in half at one time. Repeat with the remaining shrimp. Alternatively, slice on a cutting board.', 'Step 4': 'Arrange the shrimp (cut-side down), cucumber and radish slices in overlapping decorative rows -- think fish scales -- to cover each toast. Sprinkle each with the remaining dill fronds.'}"
30025,North Carolina-Style BBQ Pulled-Pork Sandwiches,"['1 (8-pound) bone-in pork shoulder, with skin', '1 head garlic, separated into cloves and peeled', '3/4 cup Memphis Shake, recipe follows', '5 cups apple or other wood chips, soaked in water for at least 30 minutes and drained', '2 batches North Carolina-Style Vinegar BBQ Sauce, recipe follows', '8 to 10 soft hamburger rolls', 'Dill pickles', '1/4 cup sweet paprika', '3 tablespoons firmly packed brown sugar', '2 tablespoons dried oregano', '2 tablespoons granulated garlic', '1 tablespoon ancho chili powder', '2 teaspoons kosher salt', '1 teaspoon celery salt', '3 cups cider vinegar', '3/4 cup sugar', '1/3 cup ketchup', '1/4 cup honey', '1/4 cup kosher salt', '2 tablespoons crushed red pepper flakes', '1 1/2 teaspoons freshly ground black pepper']","{'Step 1': 'Make small holes all over the pork shoulder with a thin sharp knife and stuff in garlic cloves. Rub the meat all over with the Memphis Shake; cover and refrigerate overnight.', 'Step 2': ""Prepare an outdoor grill with an indirect medium-hot fire with a mix of briquettes and hardwood charcoal in half of the grill. Set grate over coals. Place pork, skin side up, in an aluminum pan with about 1 1/2 cups water on the cooler side of the grate. Toss 1 cup of the soaked and drained wood chips onto the coals and cover the grill, making sure the lid's vents are directly over pork."", 'Step 3': ""When the coals cool to medium-low heat, preheat a chimney-full of hot briquettes and hardwood charcoal. Whenever smoke stops coming out of the vents, about every hour, add more hot coals and 1 cup of soaked and drained wood chips to the fire. The goal is to maintain a medium-heat, smoky fire (but don't worry if it is hotter when the coals are added and cooler while preheating the coals). Rotate the pork when you add coals so it cooks evenly. Cook the meat until an instant-read thermometer inserted into the thickest part of the pork registers 180 degrees F, about 6 hours."", 'Step 4': 'Set aside 1 quart of the North Carolina-Style Vinegar BBQ Sauce. Once the pork reaches 180 degrees F, begin mopping the entire surface of the meat every 20 minutes with some of the remaining sauce and the pan drippings. Continue to cook the pork, covering the grill between mopping, until an instant-read thermometer registers 200 degrees F, about 1 to 2 hours more.', 'Step 5': 'Transfer the pork to a cutting board and let rest for at least 15 minutes. Remove the outer skin and discard. Cut large chunks from the bone and shred, using 2 forks or your fingers, (when cool enough to touch) or chop. Toss with about 1 cup of the reserved barbecue sauce for every 3 cups of meat. Tuck the pork into the soft rolls and serve with pickles.', 'Step 6': 'Whisk paprika, brown sugar, oregano, garlic, ancho powder, salt, and celery salt in a small bowl. Store in an airtight container in a cool, dry place for up to 2 months.', 'Step 7': 'Heat the vinegar and sugar in a medium saucepan over medium heat until the sugar dissolves. Off the heat, stir in the ketchup, honey, salt, red pepper, and black pepper.'}"
30026,North Carolina-Style BBQ Turkey,"['Kosher salt', '3/4 cup light brown sugar', '1/4 cup coriander seeds', '1 (2-inch) piece fresh ginger, sliced (about 1 1/4 cups)', '2 bay leaves', '1 gallon ice', '1 (16 to 18-pound) turkey, cleaned and gizzards removed', '3 cups cider vinegar', '3/4 cup granulated sugar', '1/3 cup ketchup', '1/4 cup honey', 'Kosher salt', '2 tablespoons crushed red pepper', '1 1/2 teaspoons freshly ground black pepper', 'Kosher salt', '2 celery stalks, quartered', '1 lemon, quartered', '1 onion, quartered', '4 sprigs fresh parsley']","{'Step 1': '1. For the brine: In a large stockpot, bring 6 quarts water, 1 1/2 cups salt, brown sugar, coriander, ginger, and bay leaves to a boil. Lower the heat and simmer 10 minutes, stirring occasionally to make sure the salt and sugar are dissolved. While the brine is simmering, fill a bucket (or pot) big enough to hold a turkey with the ice. Pour the brine over the ice. When the brine has cooled, add the turkey. Place a heavy object like a plate or lid on top of the turkey to keep it submerged in the liquid. Brine in the refrigerator for up to 8 hours.', 'Step 2': '2. For the sauce: Heat the vinegar and granulated sugar in a medium saucepan over medium heat until the sugar dissolves. Off the heat, stir in the ketchup, honey, 1/4 cup salt, red pepper, and black pepper. Reserve 1 1/2 cups for passing at the table.', 'Step 3': '3. For the turkey: Prepare an outdoor grill with a medium-high fire for both direct and indirect grilling. Position a drip pan under the grate on the indirect side of the grill. Sprinkle the cavity of the turkey with salt and stuff with the celery, lemons, onions, and parsley, then tie the legs. Place the turkey breast-side up over the drip pan. Toss 1 cup of the soaked wood chips onto the coals. Cover the grill and rotate the lid so that the vent holes are directly over the meat. To maintain a medium-low smoky fire, add about a dozen pieces of charcoal and another cup of wood chips to the fire whenever the fire dies down. Rotate the turkey about every 45 minutes to prevent the side closest to the coals from overcooking.', 'Step 4': '4. After 1 hour, begin basting the turkey every 20 to 30 minutes with the remaining 2 1/2 cups of sauce. (Keep the grill covered between basting.) Cook until an instant-read thermometer inserted in the thigh, not touching the bone, registers 165 degrees F, 2 1/2 to 3 hours. Transfer to a cutting board and let rest 15 minutes before carving.', 'Step 5': 'Serves: 8-10 (analysis done for 10)', 'Step 6': 'Nutrition Information (per serving):', 'Step 7': '*Sauce for passing included', 'Step 8': 'Calories: 1109', 'Step 9': 'Total Fat: 50 grams', 'Step 10': 'Saturated Fat: 14 grams', 'Step 11': 'Total Carbohydrates: 23 grams', 'Step 12': 'Protein: 132 grams', 'Step 13': 'Sodium: 2009 milligrams', 'Step 14': 'Cholesterol: 503 milligrams', 'Step 15': 'Fiber: 0.5 grams', 'Step 16': 'Serves: 32', 'Step 17': 'Nutrition Information (per 2 tablespoons):', 'Step 18': 'Calories: 28', 'Step 19': 'Total Fat: 0 grams', 'Step 20': 'Saturated Fat: 0 grams', 'Step 21': 'Total Carbohydrates: 7 grams', 'Step 22': 'Protein: 0 grams', 'Step 23': 'Sodium: 56 milligrams', 'Step 24': 'Cholesterol: 0 milligrams', 'Step 25': 'Fiber: 0 grams'}"
30027,North Carolina-Style Vinegar Barbecue Sauce,"['4 ounces applewood-smoked bacon (in one piece), cut into large chunks', '3/4 cup beef stock or broth', '1 1/2 cups apple cider vinegar', '1/2 cup white vinegar', '1/4 cup packed dark brown sugar', '1/4 cup ketchup', '2 teaspoons red pepper flakes', '1 teaspoon chipotle chile powder', 'Kosher salt']","{'Step 1': 'Combine the bacon, beef stock, cider vinegar, white vinegar, brown sugar, ketchup, red pepper flakes, chile powder and 1 tablespoon salt in a medium saucepan. Bring to a boil, then reduce the heat to medium low and simmer until the bacon renders its fat, about 15 minutes. Remove from the heat; set aside to let the flavors develop, 20 minutes. Remove the bacon. Reheat the sauce before serving.'}"
30028,Not-So-Heavy Date-Nut Bread,"['1 1/2 heaping cups dates (about 40 medium dates), pitted and roughly chopped', '2 1/2 cups all-purpose flour', '1/2 cup whole wheat flour', '2 teaspoons baking powder', '1/2 teaspoon fine salt', '1 cup unsalted butter, room temperature', '1 cup dark brown sugar', '4 large eggs, at room temperature', '3/4 cup whole milk, room temperature', '1 heaping cup walnut pieces, roughly chopped']","{'Step 1': 'Lightly butter and flour a 9 by 5-inch loaf pan. Put a rack in the middle of the oven. Preheat the oven to 350 degrees F.', 'Step 2': 'Put the dates in a medium bowl and cover with hot water. Soak for 15 minutes and drain.', 'Step 3': 'In a medium bowl, whisk together both of the flours, baking powder, and salt. Set aside.', 'Step 4': 'In a standing mixer fitted with the paddle attachment, or with an electric hand-held mixer, combine half the dates, butter, and brown sugar and mix on low speed until just incorporated. Raise the speed to high and mix until light and fluffy, about 10 minutes. (Occasionally turn the mixer off, and scrape down the sides of the bowl with a rubber spatula.)', 'Step 5': 'Add the eggs one at time, mixing well after each addition.', 'Step 6': 'Mixing on low speed, add the flour in 3 parts to the butter mixture, alternating with the milk in 2 parts, until just combined. Raise the speed to medium and mix briefly until a smooth batter is formed. Add the remaining dates and walnuts and mix until just incorporated.', 'Step 7': 'Scrape the batter into the prepared pan. Bake, turning the pan halfway through, until golden brown and a toothpick inserted in the center comes out clean, about 1 1/2 hours.', 'Step 8': 'Remove from the oven and cool slightly. Remove the bread from the pan and cool on a rack completely before serving.'}"
30029,Not-So-Ugly Sweater Cookies,"['2 1/4 cups all-purpose flour, plus more for dusting', '3/4 teaspoon baking powder', '1/4 teaspoon salt', '2 sticks unsalted butter, at room temperature', '3/4 cup granulated sugar', '1 large egg', '1 teaspoon pure vanilla extract', ""1 pound confectioners' sugar (about 3 3/4 cups)"", '2 tablespoons meringue powder', '5 to 6 tablespoons water, plus more if needed', 'Assorted gel food coloring, for tinting\xa0', 'Desiccated coconut, for decorating\xa0']","{'Step 1': 'Make the cookies: Sift the flour, baking powder and salt into a medium bowl. Beat the butter and granulated sugar in a large bowl with a mixer on medium-high speed until light and fluffy, about 5 minutes. Add the egg and vanilla and beat until combined. Reduce the mixer speed to medium low and beat in the flour mixture in 2 batches until just combined. Divide the dough between 2 large pieces of plastic wrap. Flatten into disks and wrap. Refrigerate until firm, at least 4 hours or overnight.', 'Step 2': 'Line 2 baking sheets with parchment paper. Roll out 1 disk of dough on a lightly floured surface until about 1/8 inch thick, dusting with more flour as needed. Cut out sweaters using a 3- to 3 1/2-inch cutter. Gather the scraps, reroll and cut out more cookies. (If the dough becomes too soft, refrigerate 15 minutes.) Arrange the cutouts 1 inch apart on the prepared pans. Refrigerate until firm, about 30 minutes.', 'Step 3': 'Position racks in the upper and lower thirds of the oven; preheat to 350˚. Bake the cookies, switching the pans halfway through, until lightly browned around the edges, 15 to 18 minutes. Let cool 5 minutes on the pans, then remove the cookies to racks to cool completely.', 'Step 4': ""Meanwhile, make the icing: Whisk the confectioners' sugar and meringue powder in a large bowl. Beat in 5 tablespoons water with a mixer on medium-high speed until soft, glossy peaks form, adding the remaining tablespoon water if needed. You’ll need 2 consistencies of icing: a thicker icing for outlining and a thinner, runnier icing for filling (flooding). Adjust the consistency with water as needed. Tint with food coloring, if desired. Transfer to resealable plastic bags, snip the corners and decorate the cookies. Sprinkle with coconut, if desired. Let set, at least 1 hour.""}"
30030,Nuoc Cham–Marinated Smoked Pork Chops with Carrot Salad and Rice,"['3 tablespoons rice wine vinegar', '5 tablespoons granulated sugar', '1 large carrot, peeled and grated (about 2 cups)', 'Kosher salt', '3 to 4 tablespoons fish sauce', '4 cloves garlic, minced', 'Zest and juice of 2 limes', 'Crushed red pepper flakes', '2 tablespoons vegetable oil', '2 bone-in smoked pork chops, 1-inch thick (about 1 1/2 pounds total)', '1/2 cup fresh cilantro leaves, roughly chopped', '4 cups cooked long grain rice, warm']","{'Step 1': 'Whisk together the rice wine vinegar and 1 tablespoon of the sugar in a mixing bowl until the sugar dissolves. Add the grated carrot and stir to combine. Season with salt and reserve.', 'Step 2': 'Combine the remaining sugar and 1/4 cup water in a small saucepan. Bring to a simmer over medium heat and simmer until the sugar dissolves, about 3 minutes. Turn off the heat and add the fish sauce, garlic, lime zest and juice and a pinch or 2 of red pepper flakes. Spoon out a 1/4 cup of the sauce to baste the pork chops and reserve the rest to serve with the rice bowls.', 'Step 3': 'Heat an outdoor grill or large cast-iron grill over medium-high heat. Whisk together the 1/4 cup sauce and the oil and brush liberally all over the pork chops. Place the pork chops on the grill and cook until the pork is warmed through and charred on both sides, about 5 minutes total. The pork chops might stick a bit to the grill but that is okay - just use a pair of tongs to gently pull away as needed. Transfer to a cutting board and allow to rest for 5 minutes. Cut each pork chop off the bone and thinly slice against the grain.', 'Step 4': 'To serve, divide the rice among 4 large bowls. Toss the carrots with the cilantro. Top each bowl with a few slices of the pork, divide the carrot salad among the bowls and top with the rest of the sauce. Stir to combine and serve.'}"
30031,Nut Brittle,"['1 cup salted dry roasted peanuts', '1 cup shelled pistachios', '1 cup pecan halves', '1 cup sugar', '1 cup unsalted butter (2 sticks), cut into chunks', '1/3 cup light corn syrup', '2 teaspoons honey']","{'Step 1': 'Put the nuts, sugar, butter, corn syrup, and honey in a saucepan over medium-high heat. Stir constantly with a wooden spoon until it becomes a nice walnut color and thickens, about 10 to 12 minutes. Quickly pour onto a silpat or foil lined baking sheet and spread the brittle to an even thickness of about 1/3-inch with the back of the spoon.', 'Step 2': 'Cool for 3 or 4 minutes then score the brittle with a sharp knife into about 24 (2-inch) squares. Once the brittle has cooled completely, snap along scored marks.'}"
30032,Nut Meat Tacos with Pickled Red Onions,"['2 tablespoons sugar', '3/4 cup plus 1 tablespoon red wine vinegar', 'Kosher salt', '1/2 small red onion, halved and thinly sliced', '1 cup slivered almonds', '1 cup walnuts', '1/3 cup sundried tomatoes, roughly chopped', '2 tablespoons soy sauce', '1 teaspoon chili powder', '1 teaspoon smoked paprika', '1/2 teaspoon ground cumin', '1/2 teaspoon dried oregano', '1 garlic clove, roughly chopped', '1 tablespoon extra-virgin olive oil', '8 corn tortillas', '1/4 cup cotija or vegan cheese, crumbled', '1/4 cup fresh cilantro leaves', '1 lime, cut into 4 wedges']","{'Step 1': 'Put the sugar, 3/4 cup red wine vinegar, 1/4 cup water and 1 tablespoon salt into a small saucepan over medium-high heat. Once the sugar and salt have dissolved and the mixture is just about to boil, turn off the heat and add the sliced red onion. Allow the mixture to sit in the pot for 15 minutes, then transfer to a bowl, cover and refrigerate for at least 45 minutes, or up to overnight.', 'Step 2': 'In the bowl of a food processor, pulse the almonds, walnuts, sundried tomatoes, soy sauce, chili powder, paprika, cumin, oregano, garlic and the remaining tablespoon red wine vinegar until the mixture is crumbled, about 30 pulses. (It should resemble the texture of ground beef.)', 'Step 3': 'Place a medium skillet over medium-low heat and add the olive oil. Transfer the taco mixture to the skillet and cook until it is warmed through, about 2 minutes.', 'Step 4': 'Warm the tortillas according to the package instructions. Top each tortilla with 1/4 cup of the taco mixture. Garnish with the pickled red onion, cotija cheese, cilantro and lime wedges.'}"
30033,Nut-Free Ranch-Flavored Crispy Cereal Snack Mix,"[""6 tablespoons buttermilk powder (see Cook's Note)"", '1 tablespoon garlic powder', '1 tablespoon onion powder', 'Kosher salt', '1/8 to 1/4 teaspoon cayenne pepper', '4 cups crispy rice cereal', ""2 cups roasted salted green peas (see Cook's Note)"", '1 1/2 cups bagel chips, broken into pieces', '1 1/2 cups bite-sized pretzels', '4 tablespoons unsalted butter', 'Zest of 3 lemons', '2 tablespoons dried chives', '2 tablespoons dried parsley', '2 tablespoons distilled vinegar']","{'Step 1': 'Combine the buttermilk powder, garlic powder, onion powder, 2 teaspoons salt and the cayenne in a small bowl. Toss together the cereal, peas, bagel chips and pretzels in a large microwave-safe bowl.', 'Step 2': 'Microwave the butter, lemon zest, chives and parsley in a microwave-safe small bowl on high for 30 seconds; stir, then microwave until the butter is melted, about 15 seconds more. Stir in the vinegar. Pour the mixture over the cereal mixture, and toss well to coat. Sprinkle the buttermilk powder mixture on top, and toss well to coat.', 'Step 3': 'Microwave the snack mix on high for 2 minutes; stir, then microwave for 3 minutes more, stirring well every 45 seconds or so. Spread the mixture on a large rimmed baking sheet, and let cool and dry for 10 minutes before packing into airtight containers. The mix will keep for 2 days at room temperature.'}"
30034,Nut-and-Seed Granola,"['1/4 cup pure maple syrup', '2 tablespoons extra-virgin olive oil', '1 cup sliced skin-on almonds', '1/2 cup pecans, roughly chopped', '1/4 cup unsweetened shredded coconut', '3 tablespoons sunflower seeds', '1 tablespoon sesame seeds', '1 tablespoon ground flaxseed', '1/4 teaspoon kosher salt']","{'Step 1': 'Position an oven rack at the bottom of the oven, and preheat to 325 degrees F.', 'Step 2': 'Whisk the maple syrup and oil together in a large bowl. Add the almonds, pecans, coconut, sunflower seeds, sesame seeds, flaxseed and salt, and toss to coat.', 'Step 3': 'Spread the mixture out on a baking sheet, and bake for 20 minutes. Remove it from the oven, and scrape and toss the mixture around. Continue to bake until golden and still slightly sticky, 10 to 12 minutes more. Or, for a deeper, toasted version, bake until deeply golden (you may start to smell the toasted nuts), 13 to 15 minutes more. Let cool. (The granola can be stored in an airtight container at room temperature for up to 5 days.)'}"
30035,Nut-and-Seed Mix With Papaya,"['1 cup hazelnuts', '1 cup pecans', '1 cup almonds', '1 cup walnuts', '1/4 cup shredded coconut', '1/2 cup dried papaya pieces', '1/2 cup pitted dried dates, chopped', '1/2 cup hulled pumpkin seeds', '1/2 cup sunflower seeds', '1 cup raisins', 'Handful of flax seeds']",{'Step 1': 'Combine the ingredients in a large bowl. Store in an airtight container.'}
30036,Nutella Egg Cream,[],"{'Step 1': 'Mix 2 tablespoons room-temperature Nutella and 3/4 cup milk in a glass. Quickly stir, then pour in 1/2 cup seltzer.'}"
30037,Nutella-Stuffed Banana Bread,"['Nonstick cooking spray, for greasing the pan', ""2 1/2 cups all-purpose flour, plus more for dusting the pan (see Cook's Note)"", '1 teaspoon baking soda', '1/2 teaspoon kosher salt', '1 1/2 cups sugar', '3 very ripe bananas (about 1 pound)', '4 tablespoons unsalted butter, melted', '2 teaspoons vanilla extract', '2 large eggs', '1 cup chocolate-hazelnut spread, such as Nutella', '2 tablespoons hazelnuts, chopped']","{'Step 1': 'Preheat the oven to 325 degrees F. Generously coat an 8 1/2-inch-by-4 1/2-inch loaf pan with nonstick spray and dust with flour, tap out the excess.', 'Step 2': 'Whisk together the flour, baking soda and salt in a medium bowl and set aside. Mash the sugar with the bananas in a large bowl until smooth. Whisk in the butter, vanilla and eggs. Whisk in the flour mixture until just combined.', 'Step 3': 'Microwave the chocolate-hazelnut spread in a small microwave-safe bowl and until pourable, about 30 seconds. Reserve 2 tablespoons in a small bowl and set aside. Spread half of the batter in the bottom of the prepared pan. Pour the warmed hazelnut spread down the center of the batter leaving about a 1/2-inch border all around so that you have a chocolate-hazelnut center. Spread the remaining batter on top and smooth out with a spatula.', 'Step 4': 'Bake until the top is domed, about 1 hour 15 minutes. Cool in the pan and on a wire rack for 30 minutes, then carefully invert onto a platter or cake stand and then turn upright. Cool completely on the wire rack, about 1 hour. Microwave the reserved hazelnut spread until it can be drizzled, about 30 seconds. Drizzle the spread over the cake then sprinkle the hazelnuts down the center.'}"
30038,Nutella-Stuffed Cookies,"[""2 1/4 cups all-purpose flour (see Cook's Note)"", '1 teaspoon fine salt', '1/2 teaspoon baking powder', '1/2 teaspoon baking soda', '1 1/2 cups packed dark brown sugar', '1 1/2 sticks (12 tablespoons) unsalted butter, at room temperature', '2 large eggs', '1 teaspoon pure vanilla extract', '3/4 cup chocolate-hazelnut spread, such as Nutella ®, chilled']","{'Step 1': 'Whisk together the flour, salt, baking powder and baking soda in a large bowl.', 'Step 2': 'Beat together the brown sugar and butter in another large bowl with an electric mixer on medium-high speed until light and fluffy, about 4 minutes. Add the eggs 1 at time, beating after each addition to incorporate. Beat in the vanilla. Reduce the speed to medium, add the flour mixture and beat until just incorporated.', 'Step 3': 'Divide the dough into 18 equal mounds, each about 2 tablespoons, and flatten slightly with wet hands. Put 2 teaspoons of the chilled chocolate-hazelnut spread in the center of each piece of dough, then press and pinch the cookie dough around the spread to form round and sealed balls. Chill for 30 minutes.', 'Step 4': 'Meanwhile, position oven racks in the top and bottom thirds of the oven and preheat to 300 degrees F. Line 2 baking sheets with parchment.', 'Step 5': ""Put 6 chilled dough balls onto each prepared baking sheet, spacing them about 2 inches apart. Bake, rotating the baking sheets halfway through, until the cookies are golden around the edges, about 20 minutes. Let the cookies cool for a few minutes on the baking sheets, then transfer to a rack or plate and serve warm if you'd like. When the baking sheets have cooled completely, bake the remaining 6 dough balls on one of the sheets, then let cool slightly."", 'Step 6': 'Store the cookies in a tightly sealed container at room temperature for up to 5 days.'}"
30039,Nutella-Stuffed Pancakes,"['12 teaspoons chocolate-hazelnut spread, such as Nutella ®, at room temperature', '1/4 cup vegetable oil, plus more for brushing the griddle', '1 1/4 cups all-purpose flour\xa0', '1 1/4 cups buttermilk', '1/4 cup granulated sugar', '1 teaspoon baking powder', '1 teaspoon baking soda', '1 large egg', 'Pinch fine salt', ""Confectioners' sugar, for dusting"", 'Pure maple syrup, for serving']","{'Step 1': 'Line a baking sheet with parchment and drop 12 separate teaspoonful mounds of chocolate-hazelnut spread onto it. Tap the baking sheet on a counter to flatten the dollops and freeze until solid, about 15 minutes.', 'Step 2': 'Meanwhile, preheat a griddle over low heat and brush lightly with oil.', 'Step 3': 'Whisk together the flour, buttermilk, oil, granulated sugar, baking powder, baking soda, egg and a pinch of salt in a large bowl until smooth.', 'Step 4': 'Pour eight 2-tablespoon pools of batter on the hot griddle and cook until bubbles just begin to form on the surface of the pancakes and the bottoms are golden, 1 to 2 minutes. Place a disc of frozen chocolate-hazelnut spread on 4 of the pancakes and overturn the 4 remaining pancakes on top of those, so the wet batter envelopes the discs. Put the remaining discs back in the freezer. Continue to cook the pancakes, flipping halfway, until the edges are set, about 1 minute. Repeat with the remaining batter and discs, lightly oiling the griddle in between batches.', 'Step 5': ""Dust the pancakes with confectioners' sugar and serve warm with syrup.""}"
30040,NutriBullet Hummus,"['One 15-ounce can chickpeas, drained and chickpea liquid reserved', '1 clove garlic\xa0', 'Kosher salt\xa0', '1/2 cup tahini\xa0', '3 tablespoons olive oil, plus more for serving\xa0', '3 tablespoons lemon juice']","{'Step 1': 'Add the drained chickpeas, garlic and 1 teaspoon salt to a NutriBullet® tall cup (24 ounces). Pour over the tahini, olive oil, lemon juice, 5 tablespoons water and 2 tablespoons of the reserved chickpea liquid. Attach the extractor blade and blend until smooth and combined. Transfer to a serving dish and garnish with more olive oil.'}"
30041,NutriBullet® Almond Butter,"['1 1/2 cups unsalted roasted almonds', 'Kosher salt\xa0', '3 tablespoons vegetable oil\xa0\xa0', '1 tablespoon honey, optional\xa0']","{'Step 1': 'Add the almonds and 1/4 teaspoon salt to a NutriBullet® short cup (18 ounces). Pour over the oil and honey, if using, and attach the extractor blade. Blend until smooth, scraping down sides as needed. Store in an airtight container in the refrigerator for up to 2 weeks.'}"
30042,NutriBullet® Caesar Dressing,"['2 tablespoons mayonnaise', '1 tablespoon Dijon mustard\xa0', '1 tablespoon grated Parmesan\xa0\xa0', '6 cloves garlic\xa0', '1 anchovy fillet\xa0', '1/2 cup olive oil\xa0', '1/4 cup lemon juice\xa0', '1 tablespoon white vinegar\xa0', '1 teaspoon Worcestershire sauce\xa0', 'Kosher salt and freshly ground black pepper\xa0']","{'Step 1': 'Add the mayonnaise, mustard, Parmesan, garlic and anchovy to a NutriBullet® short cup (18 ounces). Pour over the olive oil, lemon juice, vinegar, Worcestershire and 1 tablespoon water. Add 1/2 teaspoon salt and 1/4 teaspoon pepper. Attach the extractor blade and blend until just combined. Do not overmix.'}"
30043,NutriBullet® Chimichurri Sauce,"['1/2 cup fresh cilantro leaves', '1/2 cup fresh flat-leaf parsley leaves\xa0', '3 tablespoons red wine vinegar\xa0', '1/2 teaspoon crushed red pepper flakes\xa0', '3 cloves garlic\xa0', 'Kosher salt\xa0\xa0', '1/4 cup olive oil\xa0\xa0']","{'Step 1': 'Add the cilantro, parsley, vinegar, red pepper flakes, garlic and 1 teaspoon salt to a NutriBullet® short cup (18 ounces). Attach the extractor blade and blend until chopped, scraping down the sides as needed. Add the olive oil and pulse until just combined. Use immediately.'}"
30044,NutriBullet® Fresh Tomato Sauce,"['1 pound plum tomatoes, quartered', '1/2 cup tomato paste\xa0', '2 tablespoons fresh basil leaves, chopped\xa0', '2 teaspoons sugar\xa0', '2 cloves garlic\xa0', 'Kosher salt and freshly ground black pepper\xa0']","{'Step 1': 'Add the tomatoes, tomato paste, basil, sugar, garlic, 1 teaspoon salt, 1/4 teaspoon pepper and 2 tablespoons water to a NutriBullet® tall cup (24 ounces). Attach the extractor blade and pulse until smooth and combined.', 'Step 2': 'To serve, heat the sauce until warmed through, then toss with your favorite noodles and a drizzle of olive oil. Store in an airtight container in the refrigerator for up to 3 days or in the freezer for up to 2 months.'}"
30045,NutriBullet® Frozen Strawberry Daiquiri,"['2 cups frozen strawberries (about 12 ounces)', '1/3 cup fresh lime juice\xa0', '1/3 cup light agave syrup\xa0', '3 ounces white rum\xa0\xa0']","{'Step 1': 'Add the strawberries, lime juice, agave and rum to a NutriBullet® tall cup (24 ounces). Attach the extractor blade and blend until smooth and combined. Serve immediately.'}"
30046,NutriBullet® Mayonnaise,"['2 large pasteurized egg yolks', '2 tablespoons Dijon mustard\xa0', 'Kosher salt\xa0', '1 cup vegetable oil\xa0', '2 tablespoons distilled white vinegar\xa0']","{'Step 1': 'Add the egg yolks, mustard and 2 teaspoons salt to a NutriBullet® small cup (18 ounces). Pour over the oil, vinegar and 1/4 cup water. Attach the extractor blade and blend until thickened and combined. Store in an airtight container in the refrigerator for up to 4 days.'}"
30047,NutriBullet® Pancake Batter,"[""1 1/2 cups all-purpose flour (see Cook's Note)"", '1/4 cup sugar\xa0\xa0', '1 tablespoon plus 1 teaspoon baking powder\xa0', '1/2 teaspoon kosher salt\xa0', '1 1/2 cups buttermilk\xa0', '4 tablespoons unsalted butter, melted, plus more for the skillet\xa0', '2 large eggs\xa0']","{'Step 1': 'Add the flour, sugar, baking powder and salt to a NutriBullet® tall cup (24 ounces). Stir with a fork to combine. Add the buttermilk, melted butter and eggs. Attach the extractor blade and blend until combined.', 'Step 2': 'Heat a nonstick skillet over medium heat and add some butter. Pour about 1/4 cup pancake batter directly from the NutriBullet® into the skillet. Cook until the underside of the pancake is golden brown, about 2 minutes. Flip and cook until the other side is golden brown and the pancake is cooked through, another 1 to 2 minutes. Repeat with the remaining batter, adding more butter as needed.'}"
30048,NutriBullet® Peanut Butter,"['1 1/2 cups unsalted roasted peanuts', 'Kosher salt\xa0', '3 tablespoons vegetable oil\xa0\xa0', '1 tablespoon honey\xa0']","{'Step 1': 'Add the peanuts and 1/4 teaspoon salt to a NutriBullet® short cup (18 ounces). Pour over the oil and honey and attach the extractor blade. Blend until smooth, scraping down the sides as needed. Store in an airtight container in the refrigerator for up to 2 weeks.'}"
